<?xml version="1.0" encoding="UTF-8"?>
<project-private xmlns="http://www.netbeans.org/ns/project-private/1">
    <editor-bookmarks xmlns="http://www.netbeans.org/ns/editor-bookmarks/2" lastBookmarkId="0"/>
    <open-files xmlns="http://www.netbeans.org/ns/projectui-open-files/2">
        <group>
            <file>file:/D:/Users/DAMT210/Desktop/DAMT2/DI/EVALUACION_1/Tema1_Interfaces_de_usuario/Ejercicios/Tarea3_saludador2/src/tarea3_saludador2/Principal.java</file>
            <file>file:/D:/Users/DAMT210/Desktop/DAMT2/DI/EVALUACION_1/Tema1_Interfaces_de_usuario/Ejercicios/Tarea3_saludador2/src/tarea3_saludador2/Secundaria.java</file>
        </group>
    </open-files>
</project-private>
